schema,table,column,data_type,row_count,null_count,null_pct,null_flag,distinct_count,min,max,avg,median,top_values
humanresources,employeepayhistory,businessentityid,integer,316,0,0.0,,290,1.0,290.0,146.93,154.5,175 (3) | 250 (3) | 176 (3) | 4 (3) | 177 (3)
humanresources,employeepayhistory,ratechangedate,timestamp without time zone,316,0,0.0,,177,,,,,2011-05-31 00:00:00 (9) | 2011-12-01 00:00:00 (8) | 2013-07-14 00:00:00 (8) | 2009-02-08 00:00:00 (5) | 2008-12-07 00:00:00 (5)
humanresources,employeepayhistory,rate,numeric,316,0,0.0,,66,6.5,125.5,17.76,14.0,9.5 (27.0) | 12.45 (26.0) | 11.0 (26.0) | 15.0 (26.0) | 25.0 (23.0)
humanresources,employeepayhistory,payfrequency,smallint,316,0,0.0,,2,1.0,2.0,1.43,1.0,1 (180) | 2 (136)
humanresources,employeepayhistory,modifieddate,timestamp without time zone,316,0,0.0,,26,,,,,2014-06-30 00:00:00 (277) | 2011-11-17 00:00:00 (8) | 2013-06-30 00:00:00 (8) | 2012-04-16 00:00:00 (1) | 2011-10-31 00:00:00 (1)
humanresources,employeedepartmenthistory,businessentityid,integer,296,0,0.0,,290,1.0,290.0,145.85,146.5,250 (3) | 224 (2) | 4 (2) | 16 (2) | 234 (2)
humanresources,employeedepartmenthistory,departmentid,smallint,296,0,0.0,,16,1.0,16.0,7.27,7.0,7 (180) | 3 (18) | 5 (13) | 10 (11) | 4 (10)
humanresources,employeedepartmenthistory,shiftid,smallint,296,0,0.0,,3,1.0,3.0,1.56,1.0,1 (182) | 2 (62) | 3 (52)
humanresources,employeedepartmenthistory,startdate,date,296,0,0.0,,170,,,,,2011-05-31 (9) | 2008-12-07 (5) | 2009-02-26 (5) | 2009-02-08 (5) | 2009-01-12 (4)
humanresources,employeedepartmenthistory,enddate,date,296,290,98.0,HIGH,6,,,,,2011-08-31 (1) | 2010-05-30 (1) | 2013-11-13 (1) | 2012-07-14 (1) | 2011-07-30 (1)
humanresources,employeedepartmenthistory,modifieddate,timestamp without time zone,296,0,0.0,,172,,,,,2011-05-30 00:00:00 (9) | 2009-02-07 00:00:00 (5) | 2008-12-06 00:00:00 (5) | 2009-02-25 00:00:00 (5) | 2009-01-21 00:00:00 (4)
humanresources,employee,businessentityid,integer,290,0,0.0,,290,1.0,290.0,145.5,145.5,116 (1) | 87 (1) | 273 (1) | 51 (1) | 184 (1)
humanresources,employee,nationalidnumber,character varying,290,0,0.0,,290,,,,,690627818 (1) | 363910111 (1) | 752513276 (1) | 929666391 (1) | 153288994 (1)
humanresources,employee,loginid,character varying,290,0,0.0,,290,,,,,adventure-works\peng0 (1) | adventure-works\john2 (1) | adventure-works\linda0 (1) | adventure-works\zainal0 (1) | adventure-works\mark0 (1)
humanresources,employee,jobtitle,character varying,290,0,0.0,,67,,,,,Production Technician - WC60 (26) | Production Technician - WC40 (26) | Production Technician - WC50 (26) | Production Technician - WC30 (25) | Production Technician - WC20 (22)
humanresources,employee,birthdate,date,290,0,0.0,,275,,,,,1986-09-10 (2) | 1989-06-25 (2) | 1986-09-19 (2) | 1962-09-13 (2) | 1976-03-06 (2)
humanresources,employee,maritalstatus,character,290,0,0.0,,2,,,,,M (146) | S (144)
humanresources,employee,gender,character,290,0,0.0,,2,,,,,M (206) | F (84)
humanresources,employee,hiredate,date,290,0,0.0,,164,,,,,2011-05-31 (9) | 2008-12-07 (5) | 2009-02-26 (5) | 2009-02-08 (5) | 2009-01-12 (4)
humanresources,employee,salariedflag,boolean,290,0,0.0,,2,,,,,False (238) | True (52)
humanresources,employee,vacationhours,smallint,290,0,0.0,,100,0.0,99.0,50.61,51.0,48 (4) | 68 (3) | 51 (3) | 52 (3) | 71 (3)
humanresources,employee,sickleavehours,smallint,290,0,0.0,,51,20.0,80.0,45.31,46.0,64 (7) | 52 (6) | 51 (6) | 69 (6) | 68 (6)
humanresources,employee,currentflag,boolean,290,0,0.0,,1,,,,,True (290)
humanresources,employee,rowguid,uuid,290,0,0.0,,290,,,,,1ba1d374-18ae-48ed-938f-6f5d2e (1) | 231b1798-f67b-45c1-9688-265180 (1) | b395cd84-77ba-4d3c-a49d-d9e8d6 (1) | a03d6052-1f85-4ebe-aac9-b67cfd (1) | f734d38a-56b5-471e-8ded-a682e9 (1)
humanresources,employee,modifieddate,timestamp without time zone,290,0,0.0,,2,,,,,2014-06-30 00:00:00 (287) | 2014-12-26 09:17:08.637000 (3)
humanresources,employee,organizationnode,character varying,290,0,0.0,,290,,,,,/3/1/5/3/ (1) | /3/1/18/ (1) | /3/1/8/2/ (1) | /3/1/14/9/ (1) | /3/1/2/4/ (1)
humanresources,department,departmentid,integer,16,0,0.0,,16,1.0,16.0,8.5,8.5,14 (1) | 3 (1) | 13 (1) | 10 (1) | 4 (1)
humanresources,department,name,character varying,16,0,0.0,,16,,,,,Production Control (1) | Research and Development (1) | Sales (1) | Document Control (1) | Quality Assurance (1)
humanresources,department,groupname,character varying,16,0,0.0,,6,,,,,Executive General and Administ (5) | Research and Development (3) | Quality Assurance (2) | Sales and Marketing (2) | Manufacturing (2)
humanresources,department,modifieddate,timestamp without time zone,16,0,0.0,,1,,,,,2008-04-30 00:00:00 (16)
humanresources,shift,shiftid,integer,3,0,0.0,,3,1.0,3.0,2.0,2.0,1 (1) | 2 (1) | 3 (1)
humanresources,shift,name,character varying,3,0,0.0,,3,,,,,Evening (1) | Night (1) | Day (1)
humanresources,shift,starttime,time without time zone,3,0,0.0,,3,,,,,07:00:00 (1) | 23:00:00 (1) | 15:00:00 (1)
humanresources,shift,endtime,time without time zone,3,0,0.0,,3,,,,,07:00:00 (1) | 23:00:00 (1) | 15:00:00 (1)
humanresources,shift,modifieddate,timestamp without time zone,3,0,0.0,,1,,,,,2008-04-30 00:00:00 (3)
person,address,addressid,integer,19614,0,0.0,,19614,1.0,32521.0,19516.28,20093.5,26264 (1) | 24416 (1) | 26745 (1) | 18803 (1) | 22344 (1)
person,address,addressline1,character varying,19614,0,0.0,,13572,,,,,"AttachÃÂ© de Presse (17) | Midi-Couleurs (15) | 88, avenue de lÃÂ´ Union Cent (13) | 6, route de Marseille (12) | Helsenbergbogen 6 (10)"
person,address,addressline2,character varying,19614,19252,98.2,HIGH,195,,,,,Verkaufsabteilung (35) | Einkaufsabteilung (16) | # 1 (9) | # 2 (8) | Kreditorenbuchhaltung (8)
person,address,city,character varying,19614,0,0.0,,575,,,,,London (434) | Paris (398) | Burien (215) | Concord (214) | Bellingham (213)
person,address,stateprovinceid,integer,19614,0,0.0,,74,1.0,181.0,49.28,50.0,"9 (4,564) | 79 (2,636) | 14 (1,954) | 50 (1,588) | 7 (1,579)"
person,address,postalcode,character varying,19614,0,0.0,,661,,,,,98168 (215) | 94519 (214) | 98225 (213) | 97005 (213) | 91910 (207)
person,address,spatiallocation,bytea,19614,0,0.0,,17878,,,,,<memory at 0x7fb6562265c0> (918) | <memory at 0x7fb656226440> (4) | <memory at 0x7fb656226740> (4) | <memory at 0x7fb656226680> (3) | <memory at 0x7fb656225fc0> (3)
person,address,rowguid,uuid,19614,0,0.0,,19614,,,,,04595451-28a1-48c3-a4a9-10003a (1) | 2945dc7c-c683-4711-a6dd-5a320e (1) | 54601994-20ab-4b73-a14e-720b5a (1) | d9790e3b-d38f-4c78-b9c0-8cbab4 (1) | 08614d4d-32f4-4696-b6e4-8bc2bb (1)
person,address,modifieddate,timestamp without time zone,19614,0,0.0,,1280,,,,,"2024-12-20 10:09:29.423000 (1,851) | 2024-07-30 00:00:00 (119) | 2024-06-29 00:00:00 (107) | 2023-06-30 00:00:00 (88) | 2022-06-30 00:00:00 (87)"
person,countryregion,countryregioncode,character varying,238,0,0.0,,238,,,,,FK (1) | KP (1) | DK (1) | SN (1) | RU (1)
person,countryregion,name,character varying,238,0,0.0,,238,,,,,Mayotte (1) | Venezuela (1) | Luxembourg (1) | Korea (1) | Bangladesh (1)
person,countryregion,modifieddate,timestamp without time zone,238,0,0.0,,1,,,,,2019-04-30 00:00:00 (238)
person,stateprovince,stateprovinceid,integer,181,0,0.0,,181,1.0,181.0,91.0,91.0,87 (1) | 71 (1) | 68 (1) | 51 (1) | 116 (1)
person,stateprovince,stateprovincecode,character,181,0,0.0,,181,,,,,75  (1) | 13  (1) | SN  (1) | 93  (1) | KS  (1)
person,stateprovince,countryregioncode,character varying,181,0,0.0,,12,,,,,FR (96) | US (53) | CA (13) | DE (7) | AU (5)
person,stateprovince,isonlystateprovinceflag,boolean,181,0,0.0,,2,,,,,False (173) | True (8)
person,stateprovince,name,character varying,181,0,0.0,,181,,,,,Virgin Islands (1) | Nevada (1) | Manche (1) | Sèvres (Deux) (1) | Charente (1)
person,stateprovince,territoryid,integer,181,0,0.0,,10,1.0,10.0,5.84,7.0,7 (96) | 2 (14) | 3 (14) | 6 (13) | 5 (12)
person,stateprovince,rowguid,uuid,181,0,0.0,,181,,,,,ab61f91c-50e3-45c3-a9d2-140940 (1) | 77d7e754-1b03-4bb3-a4d4-b1a6ac (1) | 7a11ab1d-77c0-4021-9140-8e81f1 (1) | 2363831b-b0ba-4976-92fa-193081 (1) | 4e2bc5a5-0c3e-421b-be18-5d79b4 (1)
person,stateprovince,modifieddate,timestamp without time zone,181,0,0.0,,2,,,,,2019-04-30 00:00:00 (98) | 2025-02-07 10:17:21.587000 (83)
person,contacttype,contacttypeid,integer,20,0,0.0,,20,1.0,20.0,10.5,10.5,8 (1) | 19 (1) | 4 (1) | 14 (1) | 11 (1)
person,contacttype,name,character varying,20,0,0.0,,20,,,,,Accounting Manager (1) | Export Administrator (1) | Regional Account Representativ (1) | Marketing Representative (1) | Owner/Marketing Assistant (1)
person,contacttype,modifieddate,timestamp without time zone,20,0,0.0,,1,,,,,2019-04-30 00:00:00 (20)
person,addresstype,addresstypeid,integer,6,0,0.0,,6,1.0,6.0,3.5,3.5,6 (1) | 1 (1) | 3 (1) | 5 (1) | 4 (1)
person,addresstype,name,character varying,6,0,0.0,,6,,,,,Primary (1) | Shipping (1) | Archive (1) | Billing (1) | Home (1)
person,addresstype,rowguid,uuid,6,0,0.0,,6,,,,,24cb3088-4345-47c4-86c5-17b535 (1) | 41bc2ff6-f0fc-475f-8eb9-cec080 (1) | b84f78b1-4efe-4a0e-8cb7-70e9f1 (1) | b29da3f8-19a3-47da-9daa-15c84f (1) | 8eeec28c-07a2-4fb9-ad0a-42d4a0 (1)
person,addresstype,modifieddate,timestamp without time zone,6,0,0.0,,1,,,,,2019-04-30 00:00:00 (6)
production,transactionhistory,transactionid,integer,113443,0,0.0,,113443,100000.0,213442.0,156721.0,156721.0,100001 (1) | 100002 (1) | 100003 (1) | 100004 (1) | 100000 (1)
production,transactionhistory,productid,integer,113443,0,0.0,,441,1.0,999.0,813.32,871.0,"870 (4,187) | 873 (3,003) | 921 (2,859) | 712 (2,348) | 707 (2,278)"
production,transactionhistory,referenceorderid,integer,113443,0,0.0,,37118,417.0,75123.0,57587.76,61188.0,53465 (72) | 57046 (68) | 55297 (67) | 57061 (66) | 58918 (66)
production,transactionhistory,referenceorderlineid,integer,113443,0,0.0,,72,0.0,71.0,4.67,2.0,"0 (31,002) | 1 (25,258) | 2 (19,693) | 3 (11,058) | 4 (5,061)"
production,transactionhistory,transactiondate,timestamp without time zone,113443,0,0.0,,365,,,,,"2024-07-30 00:00:00 (3,944) | 2024-10-29 00:00:00 (3,319) | 2025-04-30 00:00:00 (3,271) | 2025-03-30 00:00:00 (3,213) | 2024-09-29 00:00:00 (3,121)"
production,transactionhistory,transactiontype,character,113443,0,0.0,,3,,,,,"S (74,575) | W (31,002) | P (7,866)"
production,transactionhistory,quantity,integer,113443,0,0.0,,455,1.0,39270.0,35.06,1.0,"1 (65,305) | 3 (9,726) | 2 (9,617) | 4 (4,472) | 550 (3,383)"
production,transactionhistory,actualcost,numeric,113443,0,0.0,,252,0.0,2443.35,240.71,21.49,"0.0 (31,002.0) | 4.99 (8,024.0) | 34.99 (5,844.0) | 8.99 (4,022.0) | 2.29 (2,883.0)"
production,transactionhistory,modifieddate,timestamp without time zone,113443,0,0.0,,365,,,,,"2024-07-30 00:00:00 (3,944) | 2024-10-29 00:00:00 (3,319) | 2025-04-30 00:00:00 (3,271) | 2025-03-30 00:00:00 (3,213) | 2024-09-29 00:00:00 (3,121)"
production,transactionhistoryarchive,transactionid,integer,89253,0,0.0,,89253,1.0,89253.0,44627.0,44627.0,2 (1) | 3 (1) | 4 (1) | 5 (1) | 1 (1)
production,transactionhistoryarchive,productid,integer,89253,0,0.0,,497,1.0,999.0,734.89,779.0,"712 (1,034) | 820 (974) | 813 (937) | 804 (914) | 711 (870)"
production,transactionhistoryarchive,referenceorderid,integer,89253,0,0.0,,51380,1.0,53449.0,35121.18,44217.0,51721 (72) | 51739 (72) | 51160 (71) | 47355 (68) | 51120 (67)
production,transactionhistoryarchive,referenceorderlineid,integer,89253,0,0.0,,73,0.0,72.0,6.77,1.0,"0 (41,589) | 1 (10,207) | 2 (3,867) | 3 (2,826) | 4 (2,078)"
production,transactionhistoryarchive,transactiondate,timestamp without time zone,89253,0,0.0,,794,,,,,"2024-06-29 00:00:00 (3,973) | 2023-06-30 00:00:00 (3,014) | 2023-09-30 00:00:00 (2,399) | 2024-03-29 00:00:00 (2,368) | 2024-05-29 00:00:00 (2,287)"
production,transactionhistoryarchive,transactiontype,character,89253,0,0.0,,3,,,,,"S (46,742) | W (41,589) | P (922)"
production,transactionhistoryarchive,quantity,integer,89253,0,0.0,,640,1.0,39570.0,34.26,3.0,"1 (30,479) | 2 (13,584) | 3 (9,515) | 4 (7,356) | 5 (4,756)"
production,transactionhistoryarchive,actualcost,numeric,89253,0,0.0,,293,0.0,3578.27,396.62,8.99,"0.0 (41,589.0) | 563.7528 (3,135.0) | 503.3507 (2,204.0) | 31.2437 (1,660.0) | 20.1865 (1,647.0)"
production,transactionhistoryarchive,modifieddate,timestamp without time zone,89253,0,0.0,,794,,,,,"2024-06-29 00:00:00 (3,973) | 2023-06-30 00:00:00 (3,014) | 2023-09-30 00:00:00 (2,399) | 2024-03-29 00:00:00 (2,368) | 2024-05-29 00:00:00 (2,287)"
production,workorder,workorderid,integer,72591,0,0.0,,72591,1.0,72591.0,36296.0,36296.0,2 (1) | 3 (1) | 4 (1) | 5 (1) | 1 (1)
production,workorder,productid,integer,72591,0,0.0,,238,3.0,999.0,704.33,794.0,"945 (1,105) | 804 (1,104) | 894 (1,102) | 529 (1,093) | 331 (1,093)"
production,workorder,orderqty,integer,72591,0,0.0,,903,1.0,39570.0,62.1,4.0,"1 (20,830) | 2 (9,001) | 3 (5,047) | 4 (4,333) | 5 (3,214)"
production,workorder,scrappedqty,smallint,72591,0,0.0,,87,0.0,673.0,0.15,0.0,"0 (71,862) | 1 (352) | 2 (114) | 3 (47) | 4 (23)"
production,workorder,startdate,timestamp without time zone,72591,0,0.0,,1093,,,,,2024-07-02 00:00:00 (246) | 2024-06-01 00:00:00 (236) | 2024-08-02 00:00:00 (232) | 2024-10-02 00:00:00 (225) | 2024-09-01 00:00:00 (222)
production,workorder,enddate,timestamp without time zone,72591,0,0.0,,1098,,,,,2025-04-12 00:00:00 (288) | 2024-11-11 00:00:00 (276) | 2024-09-11 00:00:00 (258) | 2025-05-31 00:00:00 (255) | 2025-06-08 00:00:00 (253)
production,workorder,duedate,timestamp without time zone,72591,0,0.0,,1093,,,,,2024-07-13 00:00:00 (246) | 2024-06-12 00:00:00 (236) | 2024-08-13 00:00:00 (232) | 2024-10-13 00:00:00 (225) | 2024-09-12 00:00:00 (222)
production,workorder,scrapreasonid,smallint,72591,71862,99.0,HIGH,16,1.0,16.0,8.72,9.0,13 (63) | 3 (54) | 14 (52) | 11 (52) | 16 (51)
production,workorder,modifieddate,timestamp without time zone,72591,0,0.0,,1098,,,,,2025-04-12 00:00:00 (288) | 2024-11-11 00:00:00 (276) | 2024-09-11 00:00:00 (258) | 2025-05-31 00:00:00 (255) | 2025-06-08 00:00:00 (253)
production,workorderrouting,workorderid,integer,67131,0,0.0,,42625,13.0,72587.0,38394.3,39353.0,23591 (6) | 47518 (6) | 49790 (6) | 37844 (6) | 30003 (6)
production,workorderrouting,productid,integer,67131,0,0.0,,149,514.0,999.0,798.93,810.0,"813 (3,093) | 748 (2,874) | 810 (2,832) | 747 (2,802) | 811 (2,463)"
production,workorderrouting,operationsequence,smallint,67131,0,0.0,,7,1.0,7.0,5.11,6.0,"6 (30,107) | 7 (18,554) | 1 (9,567) | 2 (5,923) | 3 (1,490)"
production,workorderrouting,locationid,smallint,67131,0,0.0,,7,10.0,60.0,43.8,50.0,"50 (30,107) | 60 (18,554) | 10 (9,567) | 20 (5,923) | 30 (1,490)"
production,workorderrouting,scheduledstartdate,timestamp without time zone,67131,0,0.0,,1093,,,,,2024-07-02 00:00:00 (235) | 2024-06-01 00:00:00 (230) | 2024-08-02 00:00:00 (217) | 2024-10-02 00:00:00 (213) | 2024-09-01 00:00:00 (210)
production,workorderrouting,scheduledenddate,timestamp without time zone,67131,0,0.0,,1093,,,,,2024-07-13 00:00:00 (235) | 2024-06-12 00:00:00 (230) | 2024-08-13 00:00:00 (217) | 2024-10-13 00:00:00 (213) | 2024-09-12 00:00:00 (210)
production,workorderrouting,actualstartdate,timestamp without time zone,67131,0,0.0,,671,,,,,2025-04-16 00:00:00 (342) | 2025-05-31 00:00:00 (337) | 2024-11-03 00:00:00 (333) | 2025-04-04 00:00:00 (326) | 2024-11-07 00:00:00 (322)
production,workorderrouting,actualenddate,timestamp without time zone,67131,0,0.0,,714,,,,,2025-05-31 00:00:00 (343) | 2025-04-18 00:00:00 (335) | 2024-11-17 00:00:00 (325) | 2025-05-19 00:00:00 (323) | 2024-07-18 00:00:00 (317)
production,workorderrouting,actualresourcehrs,numeric,67131,0,0.0,,6,1.0,4.1,3.41,3.5,"3.0 (30,107.0) | 4.0 (18,554.0) | 4.1 (9,567.0) | 3.5 (5,923.0) | 1.0 (1,490.0)"
production,workorderrouting,plannedcost,numeric,67131,0,0.0,,7,14.5,92.25,51.96,49.0,"36.75 (30,107.0) | 49.0 (18,554.0) | 92.25 (9,567.0) | 87.5 (5,923.0) | 14.5 (1,490.0)"
production,workorderrouting,actualcost,numeric,67131,0,0.0,,7,14.5,92.25,51.96,49.0,"36.75 (30,107.0) | 49.0 (18,554.0) | 92.25 (9,567.0) | 87.5 (5,923.0) | 14.5 (1,490.0)"
production,workorderrouting,modifieddate,timestamp without time zone,67131,0,0.0,,714,,,,,2025-05-31 00:00:00 (343) | 2025-04-18 00:00:00 (335) | 2024-11-17 00:00:00 (325) | 2025-05-19 00:00:00 (323) | 2024-07-18 00:00:00 (317)
production,billofmaterials,billofmaterialsid,integer,2679,0,0.0,,2679,1.0,3482.0,1760.27,1770.0,2850 (1) | 1798 (1) | 1489 (1) | 2335 (1) | 790 (1)
production,billofmaterials,productassemblyid,integer,2679,103,3.8,,238,3.0,999.0,837.68,812.0,752 (18) | 770 (18) | 972 (18) | 971 (18) | 765 (17)
production,billofmaterials,componentid,integer,2679,0,0.0,,325,1.0,999.0,701.77,806.0,948 (108) | 945 (104) | 907 (103) | 894 (103) | 952 (102)
production,billofmaterials,startdate,timestamp without time zone,2679,0,0.0,,19,,,,,2021-03-17 00:00:00 (301) | 2021-06-08 00:00:00 (293) | 2021-06-18 00:00:00 (271) | 2021-08-04 00:00:00 (270) | 2021-12-22 00:00:00 (266)
production,billofmaterials,enddate,timestamp without time zone,2679,2480,92.6,HIGH,8,,,,,2021-07-24 00:00:00 (37) | 2021-08-07 00:00:00 (36) | 2021-10-03 00:00:00 (30) | 2021-05-16 00:00:00 (26) | 2021-09-05 00:00:00 (20)
production,billofmaterials,unitmeasurecode,character,2679,0,0.0,,3,,,,,"EA  (2,578) | OZ  (92) | IN  (9)"
production,billofmaterials,bomlevel,smallint,2679,0,0.0,,5,0.0,4.0,1.36,1.0,"1 (1,548) | 2 (993) | 0 (103) | 3 (31) | 4 (4)"
production,billofmaterials,perassemblyqty,numeric,2679,0,0.0,,12,1.0,41.0,2.05,1.0,"1.0 (2,080.0) | 2.0 (343.0) | 4.0 (88.0) | 8.0 (81.0) | 36.0 (28.0)"
production,billofmaterials,modifieddate,timestamp without time zone,2679,0,0.0,,27,,,,,2021-03-03 00:00:00 (275) | 2021-12-08 00:00:00 (266) | 2021-05-25 00:00:00 (257) | 2021-06-04 00:00:00 (256) | 2021-02-17 00:00:00 (242)
production,productinventory,productid,integer,1069,0,0.0,,432,1.0,999.0,611.96,506.0,747 (6) | 814 (6) | 748 (6) | 822 (6) | 943 (6)
production,productinventory,locationid,smallint,1069,0,0.0,,14,1.0,60.0,23.68,7.0,50 (251) | 6 (201) | 1 (167) | 7 (151) | 60 (141)
production,productinventory,shelf,character varying,1069,0,0.0,,21,,,,,N/A (290) | G (96) | E (85) | A (81) | R (61)
production,productinventory,bin,smallint,1069,0,0.0,,62,0.0,61.0,8.9,5.0,0 (328) | 1 (52) | 3 (48) | 2 (46) | 5 (43)
production,productinventory,quantity,smallint,1069,0,0.0,,343,0.0,924.0,314.29,299.0,99 (13) | 324 (11) | 81 (11) | 321 (10) | 288 (10)
production,productinventory,rowguid,uuid,1069,0,0.0,,1069,,,,,f50d3932-cd0e-4a14-a314-00f275 (1) | 721c2947-3c96-417c-94e8-80f6b7 (1) | 9f4ff0a0-ad0d-4027-a590-c35059 (1) | 1b7b59ff-cac1-4abd-9a54-c912ba (1) | 1fab07d7-a1b8-44cb-b815-820c64 (1)
production,productinventory,modifieddate,timestamp without time zone,1069,0,0.0,,24,,,,,2024-04-29 00:00:00 (157) | 2023-04-30 00:00:00 (145) | 2025-08-11 00:00:00 (98) | 2022-04-30 00:00:00 (82) | 2025-08-09 00:00:00 (79)
production,productmodelproductdescriptionculture,productmodelid,integer,762,0,0.0,,127,1.0,127.0,64.0,64.0,87 (6) | 71 (6) | 68 (6) | 51 (6) | 116 (6)
production,productmodelproductdescriptionculture,productdescriptionid,integer,762,0,0.0,,762,3.0,2010.0,1542.58,1620.5,1489 (1) | 1580 (1) | 1989 (1) | 1560 (1) | 1642 (1)
production,productmodelproductdescriptionculture,cultureid,character,762,0,0.0,,6,,,,,he     (127) | ar     (127) | th     (127) | zh-cht (127) | en     (127)
production,productmodelproductdescriptionculture,modifieddate,timestamp without time zone,762,0,0.0,,1,,,,,2024-04-29 00:00:00 (762)
production,product,productid,integer,504,0,0.0,,504,1.0,999.0,673.04,747.5,790 (1) | 828 (1) | 938 (1) | 753 (1) | 846 (1)
production,product,name,character varying,504,0,0.0,,504,,,,,"Mountain-100 Black, 38 (1) | HL Road Frame - Black, 52 (1) | Flat Washer 6 (1) | Hex Nut 7 (1) | LL Road Rim (1)"
production,product,productnumber,character varying,504,0,0.0,,504,,,,,FW-T905 (1) | LJ-5811 (1) | PD-M562 (1) | HJ-7162 (1) | RW-M423 (1)
production,product,makeflag,boolean,504,0,0.0,,2,,,,,False (265) | True (239)
production,product,finishedgoodsflag,boolean,504,0,0.0,,2,,,,,True (295) | False (209)
production,product,color,character varying,504,248,49.2,HIGH,9,,,,,Black (93) | Silver (43) | Red (38) | Yellow (36) | Blue (26)
production,product,safetystocklevel,smallint,504,0,0.0,,6,4.0,1000.0,535.15,500.0,500 (167) | 1000 (156) | 100 (97) | 4 (54) | 800 (25)
production,product,reorderpoint,smallint,504,0,0.0,,6,3.0,750.0,401.36,375.0,375 (167) | 750 (156) | 75 (97) | 3 (54) | 600 (25)
production,product,standardcost,numeric,504,0,0.0,,114,0.0,2171.29,258.6,23.37,0.0 (200.0) | 486.7066 (12.0) | 461.4448 (10.0) | 199.8519 (10.0) | 868.6342 (9.0)
production,product,listprice,numeric,504,0,0.0,,103,0.0,3578.27,438.67,49.99,0.0 (200.0) | 782.99 (12.0) | 337.22 (12.0) | 1431.5 (11.0) | 594.83 (10.0)
production,product,size,character varying,504,293,58.1,HIGH,18,,,,,44 (29) | 48 (25) | 52 (16) | 42 (15) | 58 (15)
production,product,sizeunitmeasurecode,character,504,328,65.1,HIGH,1,,,,,CM  (176)
production,product,weightunitmeasurecode,character,504,299,59.3,HIGH,2,,,,,LB  (176) | G   (29)
production,product,weight,numeric,504,299,59.3,HIGH,127,2.12,1050.0,74.07,17.9,2.3 (4.0) | 3.04 (4.0) | 3.0 (4.0) | 2.96 (4.0) | 2.36 (3.0)
production,product,daystomanufacture,integer,504,0,0.0,,4,0.0,4.0,1.1,1.0,0 (246) | 1 (154) | 4 (97) | 2 (7)
production,product,productline,character,504,226,44.8,HIGH,4,,,,,R  (100) | M  (91) | T  (52) | S  (35)
production,product,class,character,504,257,51.0,HIGH,3,,,,,L  (97) | H  (82) | M  (68)
production,product,style,character,504,293,58.1,HIGH,3,,,,,U  (176) | W  (28) | M  (7)
production,product,productsubcategoryid,integer,504,209,41.5,HIGH,37,1.0,37.0,12.29,12.0,2 (43) | 14 (33) | 1 (32) | 12 (28) | 3 (22)
production,product,productmodelid,integer,504,209,41.5,HIGH,119,1.0,128.0,37.44,26.0,9 (12) | 30 (12) | 6 (11) | 5 (10) | 10 (10)
production,product,sellstartdate,timestamp without time zone,504,0,0.0,,4,,,,,2019-04-30 00:00:00 (211) | 2024-05-29 00:00:00 (136) | 2023-05-30 00:00:00 (85) | 2022-05-30 00:00:00 (72)
production,product,sellenddate,timestamp without time zone,504,406,80.6,HIGH,2,,,,,2024-05-28 00:00:00 (69) | 2023-05-29 00:00:00 (29)
production,product,discontinueddate,timestamp without time zone,504,504,100.0,HIGH,0,,,,,
production,product,rowguid,uuid,504,0,0.0,,504,,,,,43024784-2741-4cab-a6dc-8050ce (1) | 80bd3f8b-42c7-43d8-91f5-9fb617 (1) | 0ec8f653-24c9-41b6-86f5-39c178 (1) | a2728648-9517-4dec-8606-d7d98e (1) | d10b7cc1-455e-435b-a08f-ec5b1c (1)
production,product,modifieddate,timestamp without time zone,504,0,0.0,,2,,,,,2025-02-07 10:01:36.827000 (503) | 2025-02-07 10:03:55.510000 (1)
production,productproductphoto,productid,integer,504,0,0.0,,504,1.0,999.0,673.04,747.5,790 (1) | 828 (1) | 938 (1) | 753 (1) | 846 (1)
production,productproductphoto,productphotoid,integer,504,0,0.0,,42,1.0,179.0,41.67,1.0,1 (346) | 160 (15) | 87 (13) | 126 (11) | 118 (10)
production,productproductphoto,primary,boolean,504,0,0.0,,1,,,,,True (504)
production,productproductphoto,modifieddate,timestamp without time zone,504,0,0.0,,4,,,,,2019-03-31 00:00:00 (211) | 2024-04-29 00:00:00 (136) | 2023-04-30 00:00:00 (85) | 2022-04-30 00:00:00 (72)
production,productcosthistory,productid,integer,395,0,0.0,,293,707.0,999.0,828.73,814.0,717 (3) | 721 (3) | 711 (3) | 707 (3) | 743 (3)
production,productcosthistory,startdate,timestamp without time zone,395,0,0.0,,3,,,,,2024-05-29 00:00:00 (195) | 2023-05-30 00:00:00 (128) | 2022-05-30 00:00:00 (72)
production,productcosthistory,enddate,timestamp without time zone,395,195,49.4,HIGH,2,,,,,2024-05-28 00:00:00 (128) | 2023-05-29 00:00:00 (72)
production,productcosthistory,standardcost,numeric,395,0,0.0,,134,0.86,2171.29,434.27,204.63,486.7066 (12.0) | 413.1463 (12.0) | 461.4448 (10.0) | 199.8519 (10.0) | 722.2568 (9.0)
production,productcosthistory,modifieddate,timestamp without time zone,395,0,0.0,,3,,,,,2024-05-15 00:00:00 (195) | 2024-05-28 00:00:00 (128) | 2023-05-29 00:00:00 (72)
production,productlistpricehistory,productid,integer,395,0,0.0,,293,707.0,999.0,828.73,814.0,717 (3) | 721 (3) | 711 (3) | 707 (3) | 743 (3)
production,productlistpricehistory,startdate,timestamp without time zone,395,0,0.0,,3,,,,,2024-05-29 00:00:00 (195) | 2023-05-30 00:00:00 (128) | 2022-05-30 00:00:00 (72)
production,productlistpricehistory,enddate,timestamp without time zone,395,195,49.4,HIGH,2,,,,,2024-05-28 00:00:00 (128) | 2023-05-29 00:00:00 (72)
production,productlistpricehistory,listprice,numeric,395,0,0.0,,120,2.29,3578.27,747.66,364.09,337.22 (12.0) | 306.5636 (12.0) | 699.0982 (12.0) | 782.99 (12.0) | 594.83 (10.0)
production,productlistpricehistory,modifieddate,timestamp without time zone,395,0,0.0,,3,,,,,2024-05-08 00:00:00 (195) | 2024-05-28 00:00:00 (128) | 2023-05-29 00:00:00 (72)
production,unitmeasure,unitmeasurecode,character,38,0,0.0,,38,,,,,CDM (1) | KT  (1) | CTN (1) | ML  (1) | MM  (1)
production,unitmeasure,name,character varying,38,0,0.0,,38,,,,,Inch (1) | US pound (1) | Carton (1) | Milligram (1) | Gram (1)
production,unitmeasure,modifieddate,timestamp without time zone,38,0,0.0,,1,,,,,2019-04-30 00:00:00 (38)
production,productsubcategory,productsubcategoryid,integer,37,0,0.0,,37,1.0,37.0,19.0,19.0,4 (1) | 34 (1) | 32 (1) | 10 (1) | 29 (1)
production,productsubcategory,productcategoryid,integer,37,0,0.0,,4,1.0,4.0,2.78,3.0,2 (14) | 4 (12) | 3 (8) | 1 (3)
production,productsubcategory,name,character varying,37,0,0.0,,37,,,,,Touring Frames (1) | Handlebars (1) | Cleaners (1) | Hydration Packs (1) | Bottles and Cages (1)
production,productsubcategory,rowguid,uuid,37,0,0.0,,37,,,,,954178ba-624f-42db-95f6-ca035f (1) | f5e07a33-c9e0-439c-b5f3-9f25fb (1) | 1a5ba5b3-03c3-457c-b11e-4fa85e (1) | 9ad7fe93-5ba0-4736-b578-ff80a2 (1) | 430dd6a8-a755-4b23-bb05-525201 (1)
production,productsubcategory,modifieddate,timestamp without time zone,37,0,0.0,,1,,,,,2019-04-30 00:00:00 (37)
production,productdocument,productid,integer,32,0,0.0,,31,317.0,999.0,740.06,929.5,506 (2) | 937 (1) | 930 (1) | 318 (1) | 934 (1)
production,productdocument,modifieddate,timestamp without time zone,32,0,0.0,,2,,,,,2024-12-28 13:51:58.103000 (22) | 2024-12-28 13:51:58.120000 (10)
production,productdocument,documentnode,character varying,32,0,0.0,,6,,,,,/2/1/ (10) | /3/4/ (9) | /3/3/ (7) | /1/1/ (4) | /3/1/ (1)
production,scrapreason,scrapreasonid,integer,16,0,0.0,,16,1.0,16.0,8.5,8.5,14 (1) | 3 (1) | 13 (1) | 10 (1) | 4 (1)
production,scrapreason,name,character varying,16,0,0.0,,16,,,,,Primer process failed (1) | Trim length too short (1) | Gouge in metal (1) | Drill pattern incorrect (1) | Trim length too long (1)
production,scrapreason,modifieddate,timestamp without time zone,16,0,0.0,,1,,,,,2019-04-30 00:00:00 (16)
production,location,locationid,integer,14,0,0.0,,14,1.0,60.0,20.21,8.5,10 (1) | 7 (1) | 1 (1) | 45 (1) | 20 (1)
production,location,name,character varying,14,0,0.0,,14,,,,,Frame Welding (1) | Frame Forming (1) | Metal Storage (1) | Subassembly (1) | Specialized Paint (1)
production,location,costrate,numeric,14,0,0.0,,7,0.0,25.0,8.59,6.12,0.0 (7.0) | 12.25 (2.0) | 15.75 (1.0) | 22.5 (1.0) | 25.0 (1.0)
production,location,availability,numeric,14,0,0.0,,5,0.0,120.0,54.57,40.0,0.0 (7.0) | 120.0 (4.0) | 80.0 (1.0) | 96.0 (1.0) | 108.0 (1.0)
production,location,modifieddate,timestamp without time zone,14,0,0.0,,1,,,,,2019-04-30 00:00:00 (14)
production,culture,cultureid,character,8,0,0.0,,8,,,,,en     (1) |        (1) | es     (1) | ar     (1) | th     (1)
production,culture,name,character varying,8,0,0.0,,8,,,,,French (1) | Chinese (1) | Hebrew (1) | English (1) | Thai (1)
production,culture,modifieddate,timestamp without time zone,8,0,0.0,,1,,,,,2019-04-30 00:00:00 (8)
production,productmodelillustration,productmodelid,integer,7,0,0.0,,5,7.0,67.0,39.14,47.0,48 (2) | 47 (2) | 10 (1) | 7 (1) | 67 (1)
production,productmodelillustration,illustrationid,integer,7,0,0.0,,4,3.0,6.0,4.29,4.0,3 (2) | 5 (2) | 4 (2) | 6 (1)
production,productmodelillustration,modifieddate,timestamp without time zone,7,0,0.0,,3,,,,,2025-01-08 14:41:02.183000 (4) | 2025-01-08 14:41:02.167000 (2) | 2025-01-08 14:41:02.200000 (1)
production,productcategory,productcategoryid,integer,4,0,0.0,,4,1.0,4.0,2.5,2.5,1 (1) | 3 (1) | 4 (1) | 2 (1)
production,productcategory,name,character varying,4,0,0.0,,4,,,,,Accessories (1) | Bikes (1) | Clothing (1) | Components (1)
production,productcategory,rowguid,uuid,4,0,0.0,,4,,,,,10a7c342-ca82-48d4-8a38-46a2eb (1) | 2be3be36-d9a2-4eee-b593-ed895d (1) | c657828d-d808-4aba-91a3-af2ce0 (1) | cfbda25c-df71-47a7-b81b-64ee16 (1)
production,productcategory,modifieddate,timestamp without time zone,4,0,0.0,,1,,,,,2019-04-30 00:00:00 (4)
production,productreview,productreviewid,integer,4,0,0.0,,4,1.0,4.0,2.5,2.5,1 (1) | 3 (1) | 4 (1) | 2 (1)
production,productreview,productid,integer,4,0,0.0,,3,709.0,937.0,845.25,867.5,937 (2) | 798 (1) | 709 (1)
production,productreview,reviewername,character varying,4,0,0.0,,4,,,,,John Smith (1) | Jill (1) | David (1) | Laura Norman (1)
production,productreview,reviewdate,timestamp without time zone,4,0,0.0,,3,,,,,2013-11-15 00:00:00 (2) | 2013-11-13 00:00:00 (1) | 2013-09-18 00:00:00 (1)
production,productreview,emailaddress,character varying,4,0,0.0,,4,,,,,laura@treyresearch.net (1) | david@graphicdesigninstitute.c (1) | john@fourthcoffee.com (1) | jill@margiestravel.com (1)
production,productreview,rating,integer,4,0,0.0,,3,2.0,5.0,4.0,4.5,5 (2) | 2 (1) | 4 (1)
production,productreview,comments,character varying,4,0,0.0,,4,,,,,"The Road-550-W from Adventure  (1) | A little on the heavy side, bu (1) | Maybe it's just because I'm ne (1) | I can't believe I'm singing th (1)"
production,productreview,modifieddate,timestamp without time zone,4,0,0.0,,3,,,,,2013-11-15 00:00:00 (2) | 2013-11-13 00:00:00 (1) | 2013-09-18 00:00:00 (1)
purchasing,purchaseorderdetail,purchaseorderid,integer,8845,0,0.0,,4012,1.0,4012.0,1992.32,1978.0,1015 (30) | 3275 (26) | 135 (26) | 2485 (26) | 1255 (24)
purchasing,purchaseorderdetail,purchaseorderdetailid,integer,8845,0,0.0,,8845,1.0,8845.0,4423.0,4423.0,4790 (1) | 273 (1) | 3936 (1) | 5761 (1) | 6114 (1)
purchasing,purchaseorderdetail,duedate,timestamp without time zone,8845,0,0.0,,299,,,,,2025-06-24 00:00:00 (58) | 2025-04-16 00:00:00 (58) | 2024-10-23 00:00:00 (57) | 2025-05-05 00:00:00 (56) | 2024-12-08 00:00:00 (54)
purchasing,purchaseorderdetail,orderqty,smallint,8845,0,0.0,,28,3.0,8000.0,265.53,60.0,"3 (4,136) | 550 (3,759) | 60 (792) | 1250 (106) | 150 (6)"
purchasing,purchaseorderdetail,productid,integer,8845,0,0.0,,265,1.0,952.0,527.51,456.0,319 (130) | 320 (125) | 321 (125) | 322 (124) | 508 (102)
purchasing,purchaseorderdetail,unitprice,numeric,8845,0,0.0,,177,0.21,82.83,34.74,39.28,48.2895 (192.0) | 31.4895 (192.0) | 43.2705 (181.0) | 21.0945 (172.0) | 30.4395 (172.0)
purchasing,purchaseorderdetail,receivedqty,numeric,8845,0,0.0,,34,2.0,8000.0,263.12,60.0,"3.0 (4,136.0) | 550.0 (3,442.0) | 60.0 (745.0) | 468.0 (197.0) | 523.0 (120.0)"
purchasing,purchaseorderdetail,rejectedqty,numeric,8845,0,0.0,,13,0.0,1250.0,8.22,0.0,"0.0 (8,282.0) | 82.0 (203.0) | 55.0 (127.0) | 550.0 (74.0) | 3.0 (58.0)"
purchasing,purchaseorderdetail,modifieddate,timestamp without time zone,8845,0,0.0,,308,,,,,2025-06-17 00:00:00 (58) | 2025-04-09 00:00:00 (58) | 2024-10-16 00:00:00 (57) | 2025-04-28 00:00:00 (56) | 2024-11-13 00:00:00 (52)
purchasing,purchaseorderheader,purchaseorderid,integer,4012,0,0.0,,4012,1.0,4012.0,2006.5,2006.5,273 (1) | 3936 (1) | 2574 (1) | 951 (1) | 1489 (1)
purchasing,purchaseorderheader,revisionnumber,smallint,4012,0,0.0,,10,5.0,21.0,5.08,5.0,"5 (3,813) | 6 (130) | 7 (43) | 8 (15) | 10 (4)"
purchasing,purchaseorderheader,status,smallint,4012,0,0.0,,4,1.0,4.0,3.8,4.0,"4 (3,689) | 1 (225) | 3 (86) | 2 (12)"
purchasing,purchaseorderheader,employeeid,integer,4012,0,0.0,,12,250.0,261.0,255.98,256.0,261 (401) | 253 (400) | 254 (362) | 260 (362) | 258 (361)
purchasing,purchaseorderheader,vendorid,integer,4012,0,0.0,,86,1492.0,1698.0,1598.03,1600.0,1616 (51) | 1690 (51) | 1654 (51) | 1526 (51) | 1580 (51)
purchasing,purchaseorderheader,shipmethodid,integer,4012,0,0.0,,5,1.0,5.0,3.57,4.0,"5 (1,523) | 4 (1,085) | 2 (655) | 1 (589) | 3 (160)"
purchasing,purchaseorderheader,orderdate,timestamp without time zone,4012,0,0.0,,300,,,,,2024-08-20 00:00:00 (20) | 2024-08-12 00:00:00 (20) | 2024-08-18 00:00:00 (20) | 2025-06-23 00:00:00 (18) | 2025-01-26 00:00:00 (17)
purchasing,purchaseorderheader,shipdate,timestamp without time zone,4012,0,0.0,,297,,,,,2024-08-27 00:00:00 (20) | 2024-08-21 00:00:00 (20) | 2024-08-29 00:00:00 (20) | 2025-07-18 00:00:00 (18) | 2024-12-03 00:00:00 (18)
purchasing,purchaseorderheader,subtotal,numeric,4012,0,0.0,,351,37.08,997680.0,15900.3,2934.54,43878.45 (163.0) | 34644.225 (102.0) | 150.7905 (101.0) | 28343.7 (67.0) | 22516.725 (66.0)
purchasing,purchaseorderheader,taxamt,numeric,4012,0,0.0,,351,2.97,79814.4,1272.02,234.76,3510.276 (163.0) | 2771.538 (102.0) | 12.0632 (101.0) | 2267.496 (67.0) | 1801.338 (66.0)
purchasing,purchaseorderheader,freight,numeric,4012,0,0.0,,351,0.93,19953.6,394.81,73.36,1096.9613 (163.0) | 866.1056 (102.0) | 3.7698 (101.0) | 708.5925 (67.0) | 562.9181 (66.0)
purchasing,purchaseorderheader,modifieddate,timestamp without time zone,4012,0,0.0,,306,,,,,2024-08-29 00:00:00 (20) | 2024-08-21 00:00:00 (20) | 2024-08-27 00:00:00 (20) | 2024-09-11 00:00:00 (16) | 2025-04-29 00:00:00 (16)
purchasing,productvendor,productid,integer,460,0,0.0,,265,1.0,952.0,517.25,434.5,424 (3) | 406 (3) | 431 (3) | 426 (3) | 433 (3)
purchasing,productvendor,businessentityid,integer,460,0,0.0,,86,1492.0,1698.0,1593.26,1584.0,1656 (30) | 1540 (24) | 1536 (23) | 1562 (23) | 1686 (19)
purchasing,productvendor,averageleadtime,integer,460,0,0.0,,13,10.0,120.0,19.45,17.0,17 (109) | 19 (101) | 16 (88) | 15 (85) | 18 (26)
purchasing,productvendor,standardprice,numeric,460,0,0.0,,175,0.2,78.89,34.68,39.26,37.21 (14.0) | 41.21 (14.0) | 39.21 (14.0) | 35.21 (13.0) | 37.41 (10.0)
purchasing,productvendor,lastreceiptcost,numeric,460,0,0.0,,175,0.21,82.83,36.28,41.2,43.2705 (14.0) | 41.1705 (14.0) | 39.0705 (14.0) | 36.9705 (13.0) | 39.2805 (10.0)
purchasing,productvendor,lastreceiptdate,timestamp without time zone,460,0,0.0,,43,,,,,2022-08-27 00:00:00 (44) | 2022-08-25 00:00:00 (34) | 2022-08-26 00:00:00 (32) | 2022-08-28 00:00:00 (30) | 2022-08-24 00:00:00 (28)
purchasing,productvendor,minorderqty,integer,460,0,0.0,,11,1.0,5000.0,145.91,1.0,1 (285) | 100 (111) | 20 (20) | 500 (18) | 5000 (7)
purchasing,productvendor,maxorderqty,integer,460,0,0.0,,16,5.0,15000.0,776.47,5.0,5 (285) | 1000 (104) | 100 (20) | 500 (11) | 5000 (9)
purchasing,productvendor,onorderqty,integer,460,305,66.3,HIGH,26,3.0,8000.0,660.74,150.0,3 (63) | 300 (34) | 60 (7) | 150 (6) | 1000 (4)
purchasing,productvendor,unitmeasurecode,character,460,0,0.0,,7,,,,,CTN (178) | EA  (154) | CAN (68) | CS  (38) | GAL (10)
purchasing,productvendor,modifieddate,timestamp without time zone,460,0,0.0,,31,,,,,2022-08-27 00:00:00 (44) | 2022-08-25 00:00:00 (34) | 2022-08-26 00:00:00 (32) | 2022-08-28 00:00:00 (30) | 2026-08-11 12:20:28.343000 (29)
purchasing,vendor,businessentityid,integer,104,0,0.0,,104,1492.0,1698.0,1595.0,1595.0,1666 (1) | 1578 (1) | 1656 (1) | 1624 (1) | 1692 (1)
purchasing,vendor,accountnumber,character varying,104,0,0.0,,104,,,,,AMERICAN0002 (1) | READYRE0001 (1) | PROFESSI0001 (1) | CONTINEN0001 (1) | LEAFRIV0001 (1)
purchasing,vendor,name,character varying,104,0,0.0,,104,,,,,Bloomington Multisport (1) | Indiana Bicycle Center (1) | A. Datum Corporation (1) | Knopfler Cycles (1) | Holiday Skate & Cycle (1)
purchasing,vendor,creditrating,smallint,104,0,0.0,,5,1.0,5.0,1.36,1.0,1 (84) | 2 (9) | 3 (7) | 4 (2) | 5 (2)
purchasing,vendor,preferredvendorstatus,boolean,104,0,0.0,,2,,,,,True (93) | False (11)
purchasing,vendor,activeflag,boolean,104,0,0.0,,2,,,,,True (100) | False (4)
purchasing,vendor,purchasingwebserviceurl,character varying,104,98,94.2,HIGH,6,,,,,www.adatum.com/ (1) | www.northwindtraders.com/ (1) | www.treyresearch.net/ (1) | www.wideworldimporters.com/ (1) | www.proseware.com/ (1)
purchasing,vendor,modifieddate,timestamp without time zone,104,0,0.0,,10,,,,,2023-02-01 00:00:00 (20) | 2023-01-24 00:00:00 (19) | 2022-12-23 00:00:00 (17) | 2023-02-02 00:00:00 (11) | 2022-12-22 00:00:00 (10)
purchasing,shipmethod,shipmethodid,integer,5,0,0.0,,5,1.0,5.0,3.0,3.0,1 (1) | 3 (1) | 5 (1) | 4 (1) | 2 (1)
purchasing,shipmethod,name,character varying,5,0,0.0,,5,,,,,ZY - EXPRESS (1) | XRQ - TRUCK GROUND (1) | OVERNIGHT J-FAST (1) | OVERSEAS - DELUXE (1) | CARGO TRANSPORT 5 (1)
purchasing,shipmethod,shipbase,numeric,5,0,0.0,,5,3.95,29.95,14.96,9.95,29.95 (1.0) | 9.95 (1.0) | 3.95 (1.0) | 21.95 (1.0) | 8.99 (1.0)
purchasing,shipmethod,shiprate,numeric,5,0,0.0,,5,0.99,2.99,1.75,1.49,2.99 (1.0) | 1.29 (1.0) | 0.99 (1.0) | 1.49 (1.0) | 1.99 (1.0)
purchasing,shipmethod,rowguid,uuid,5,0,0.0,,5,,,,,6be756d9-d7be-4463-8f2c-ae60c7 (1) | 22f4e461-28cf-4ace-a980-f686cf (1) | 107e8356-e7a8-463d-b60c-079fff (1) | b166019a-b134-4e76-b957-2b0490 (1) | 3455079b-f773-4dc6-8f1e-2a5864 (1)
purchasing,shipmethod,modifieddate,timestamp without time zone,5,0,0.0,,1,,,,,2019-04-30 00:00:00 (5)
sales,salesorderdetail,salesorderid,integer,121317,0,0.0,,31465,43659.0,75123.0,57827.36,57029.0,51721 (72) | 51739 (72) | 53465 (71) | 51160 (71) | 47355 (68)
sales,salesorderdetail,salesorderdetailid,integer,121317,0,0.0,,121317,1.0,121317.0,60659.0,60659.0,26264 (1) | 29007 (1) | 5468 (1) | 20549 (1) | 11233 (1)
sales,salesorderdetail,carriertrackingnumber,character varying,121317,60398,49.8,HIGH,3806,,,,,9429-430D-89 (72) | AF60-4F2F-9B (72) | 3F3F-4135-B0 (71) | D859-4DF3-84 (71) | 6B7D-4E47-B5 (68)
sales,salesorderdetail,orderqty,smallint,121317,0,0.0,,41,1.0,44.0,2.27,1.0,"1 (74,954) | 2 (14,200) | 3 (10,058) | 4 (7,494) | 5 (4,386)"
sales,salesorderdetail,productid,integer,121317,0,0.0,,266,707.0,999.0,841.68,863.0,"870 (4,688) | 712 (3,382) | 873 (3,354) | 921 (3,095) | 711 (3,090)"
sales,salesorderdetail,specialofferid,integer,121317,0,0.0,,12,1.0,16.0,1.16,1.0,"1 (115,884) | 2 (3,428) | 3 (606) | 13 (524) | 14 (244)"
sales,salesorderdetail,unitprice,numeric,121317,0,0.0,,287,1.33,3578.27,465.09,49.99,"4.99 (8,827.0) | 34.99 (6,440.0) | 8.99 (4,470.0) | 2.29 (3,191.0) | 469.794 (2,969.0)"
sales,salesorderdetail,unitpricediscount,numeric,121317,0,0.0,,9,0.0,0.4,0.0,0.0,"0.0 (118,035.0) | 0.02 (1,310.0) | 0.05 (606.0) | 0.15 (590.0) | 0.2 (231.0)"
sales,salesorderdetail,rowguid,uuid,121317,0,0.0,,121317,,,,,5bb9f19c-f495-4c3b-b69b-3c286c (1) | e24893f4-dfb5-47fe-81e0-ae257a (1) | 8937cd2c-f36e-4286-8b00-46ebf4 (1) | 1d9a849d-7151-4583-ae9f-029a90 (1) | aac0f968-5277-42b4-908b-f33352 (1)
sales,salesorderdetail,modifieddate,timestamp without time zone,121317,0,0.0,,1124,,,,,"2024-06-29 00:00:00 (3,876) | 2024-07-30 00:00:00 (3,852) | 2024-10-29 00:00:00 (3,202) | 2025-04-30 00:00:00 (3,126) | 2025-03-30 00:00:00 (3,065)"
sales,salesorderheader,salesorderid,integer,31465,0,0.0,,31465,43659.0,75123.0,59391.0,59391.0,44127 (1) | 72397 (1) | 47051 (1) | 69233 (1) | 69906 (1)
sales,salesorderheader,revisionnumber,smallint,31465,0,0.0,,2,10.0,11.0,10.0,10.0,"10 (31,435) | 11 (30)"
sales,salesorderheader,orderdate,timestamp without time zone,31465,0,0.0,,1124,,,,,2025-03-30 00:00:00 (271) | 2025-01-28 00:00:00 (245) | 2024-12-30 00:00:00 (244) | 2024-10-29 00:00:00 (242) | 2024-06-29 00:00:00 (232)
sales,salesorderheader,duedate,timestamp without time zone,31465,0,0.0,,1124,,,,,2025-04-11 00:00:00 (273) | 2025-02-09 00:00:00 (247) | 2025-01-11 00:00:00 (244) | 2024-11-10 00:00:00 (242) | 2024-07-11 00:00:00 (232)
sales,salesorderheader,shipdate,timestamp without time zone,31465,0,0.0,,1124,,,,,2025-04-06 00:00:00 (273) | 2025-02-04 00:00:00 (247) | 2025-01-06 00:00:00 (244) | 2024-11-05 00:00:00 (242) | 2024-07-06 00:00:00 (232)
sales,salesorderheader,status,smallint,31465,0,0.0,,1,5.0,5.0,5.0,5.0,"5 (31,465)"
sales,salesorderheader,onlineorderflag,boolean,31465,0,0.0,,2,,,,,"True (27,659) | False (3,806)"
sales,salesorderheader,purchaseordernumber,character varying,31465,27659,87.9,HIGH,3806,,,,,PO9483181443 (1) | PO2117171072 (1) | PO17690131763 (1) | PO2378144974 (1) | PO15283150425 (1)
sales,salesorderheader,accountnumber,character varying,31465,0,0.0,,19119,,,,,10-4030-011091 (28) | 10-4030-011176 (28) | 10-4030-011223 (27) | 10-4030-011330 (27) | 10-4030-011200 (27)
sales,salesorderheader,customerid,integer,31465,0,0.0,,19119,11000.0,30118.0,20170.18,19452.0,11091 (28) | 11176 (28) | 11200 (27) | 11277 (27) | 11300 (27)
sales,salesorderheader,salespersonid,integer,31465,27659,87.9,HIGH,17,274.0,290.0,280.61,279.0,277 (473) | 275 (450) | 279 (429) | 276 (418) | 289 (348)
sales,salesorderheader,territoryid,integer,31465,0,0.0,,10,1.0,10.0,6.09,6.0,"9 (6,843) | 4 (6,224) | 1 (4,594) | 6 (4,067) | 10 (3,219)"
sales,salesorderheader,billtoaddressid,integer,31465,0,0.0,,19119,405.0,29883.0,18263.15,19449.0,13550 (28) | 25073 (28) | 14444 (27) | 12222 (27) | 22168 (27)
sales,salesorderheader,shiptoaddressid,integer,31465,0,0.0,,19119,9.0,29883.0,18249.19,19438.0,13550 (28) | 25073 (28) | 14444 (27) | 12222 (27) | 22168 (27)
sales,salesorderheader,shipmethodid,integer,31465,0,0.0,,2,1.0,5.0,1.48,1.0,"1 (27,659) | 5 (3,806)"
sales,salesorderheader,creditcardid,integer,31465,1131,3.6,,18384,1.0,19237.0,9684.1,9719.5,11334 (28) | 11843 (28) | 14162 (27) | 2233 (27) | 5475 (27)
sales,salesorderheader,creditcardapprovalcode,character varying,31465,1131,3.6,,30334,,,,,117825Vi80553 (1) | 65467Vi65677 (1) | 332769Vi3772 (1) | 733368Vi40328 (1) | 127268Vi58050 (1)
sales,salesorderheader,currencyrateid,integer,31465,17489,55.6,HIGH,2514,2.0,12431.0,9191.5,10074.0,9755 (44) | 12098 (42) | 11086 (39) | 10767 (39) | 8743 (39)
sales,salesorderheader,subtotal,numeric,31465,0,0.0,,4747,1.37,163930.39,3491.07,782.99,"3578.27 (1,551.0) | 2181.5625 (758.0) | 782.99 (593.0) | 39.98 (578.0) | 4.99 (576.0)"
sales,salesorderheader,taxamt,numeric,31465,0,0.0,,4745,0.11,17948.52,323.76,62.64,"286.2616 (1,551.0) | 174.525 (758.0) | 62.6392 (593.0) | 3.1984 (578.0) | 0.3992 (576.0)"
sales,salesorderheader,freight,numeric,31465,0,0.0,,4744,0.03,5608.91,101.17,19.57,"89.4568 (1,551.0) | 54.5391 (758.0) | 19.5748 (593.0) | 0.9995 (578.0) | 0.1248 (576.0)"
sales,salesorderheader,totaldue,numeric,31465,0,0.0,,4754,1.52,187487.83,3916.0,865.2,"3953.9884 (1,551.0) | 2410.6266 (758.0) | 865.204 (593.0) | 44.1779 (578.0) | 5.514 (576.0)"
sales,salesorderheader,comment,character varying,31465,31465,100.0,HIGH,0,,,,,
sales,salesorderheader,rowguid,uuid,31465,0,0.0,,31465,,,,,676f0eed-e4bb-44ea-8318-6a9a70 (1) | b11482e3-99a0-4885-a68c-b940d0 (1) | 764eb574-f191-4838-8df4-70d6a9 (1) | e8859a1a-ddbf-4736-8200-842ecc (1) | e895e8ed-aa44-4c8a-8577-3c723f (1)
sales,salesorderheader,modifieddate,timestamp without time zone,31465,0,0.0,,1124,,,,,2025-04-06 00:00:00 (273) | 2025-02-04 00:00:00 (247) | 2025-01-06 00:00:00 (244) | 2024-11-05 00:00:00 (242) | 2024-07-06 00:00:00 (232)
sales,salesorderheadersalesreason,salesorderid,integer,27647,0,0.0,,23012,43697.0,75123.0,60458.86,60852.0,65019 (3) | 58635 (3) | 69647 (3) | 53826 (3) | 51314 (3)
sales,salesorderheadersalesreason,salesreasonid,integer,27647,0,0.0,,7,1.0,10.0,2.59,1.0,"1 (17,473) | 2 (3,515) | 5 (1,746) | 9 (1,551) | 10 (1,395)"
sales,salesorderheadersalesreason,modifieddate,timestamp without time zone,27647,0,0.0,,1109,,,,,2025-05-13 00:00:00 (102) | 2025-03-02 00:00:00 (100) | 2025-01-18 00:00:00 (99) | 2025-05-10 00:00:00 (97) | 2025-05-20 00:00:00 (96)
sales,customer,customerid,integer,19820,0,0.0,,19820,1.0,30118.0,19844.28,20208.5,11233 (1) | 30052 (1) | 26264 (1) | 24416 (1) | 22344 (1)
sales,customer,personid,integer,19820,701,3.5,,19119,291.0,20777.0,11184.19,11218.0,4790 (1) | 3936 (1) | 18803 (1) | 12502 (1) | 11233 (1)
sales,customer,storeid,integer,19820,18484,93.3,HIGH,701,292.0,2051.0,1037.65,993.0,912 (2) | 846 (2) | 1478 (2) | 1964 (2) | 742 (2)
sales,customer,territoryid,integer,19820,0,0.0,,10,1.0,10.0,5.82,6.0,"4 (4,696) | 9 (3,665) | 1 (3,520) | 10 (1,991) | 7 (1,884)"
sales,customer,rowguid,uuid,19820,0,0.0,,19820,,,,,672571fc-6b60-41a3-873b-e25d51 (1) | a4ea6322-a0eb-4279-8bc0-cf4293 (1) | 8410f59c-70ea-45d3-b762-d9ea1f (1) | 3f91dfff-2185-4186-a1b3-cb90cb (1) | db3d6b27-a813-4ac5-b72d-1fb98e (1)
sales,customer,modifieddate,timestamp without time zone,19820,0,0.0,,1,,,,,"2025-09-11 11:15:07.263000 (19,820)"
sales,creditcard,creditcardid,integer,19118,0,0.0,,19118,1.0,19237.0,9567.67,9559.5,4790 (1) | 3936 (1) | 18803 (1) | 12502 (1) | 11233 (1)
sales,creditcard,cardtype,character varying,19118,0,0.0,,4,,,,,"SuperiorCard (4,839) | Distinguish (4,832) | ColonialVoice (4,782) | Vista (4,665)"
sales,creditcard,cardnumber,character varying,19118,0,0.0,,19118,,,,,33333456763146 (1) | 77778643039262 (1) | 11118853004485 (1) | 77775203797893 (1) | 55556372474167 (1)
sales,creditcard,expmonth,smallint,19118,0,0.0,,12,1.0,12.0,6.53,7.0,"11 (1,623) | 8 (1,619) | 9 (1,615) | 1 (1,613) | 7 (1,611)"
sales,creditcard,expyear,smallint,19118,0,0.0,,4,2005.0,2008.0,2006.5,2007.0,"2007 (4,832) | 2006 (4,807) | 2005 (4,743) | 2008 (4,736)"
sales,creditcard,modifieddate,timestamp without time zone,19118,0,0.0,,1279,,,,,2024-07-30 00:00:00 (134) | 2024-06-29 00:00:00 (124) | 2023-06-30 00:00:00 (99) | 2022-06-30 00:00:00 (92) | 2023-07-31 00:00:00 (81)
sales,personcreditcard,businessentityid,integer,19118,0,0.0,,19118,293.0,20777.0,11184.76,11218.5,4790 (1) | 3936 (1) | 18803 (1) | 12502 (1) | 11233 (1)
sales,personcreditcard,creditcardid,integer,19118,0,0.0,,19118,1.0,19237.0,9567.67,9559.5,4790 (1) | 3936 (1) | 18803 (1) | 12502 (1) | 11233 (1)
sales,personcreditcard,modifieddate,timestamp without time zone,19118,0,0.0,,1124,,,,,2024-07-30 00:00:00 (115) | 2024-06-29 00:00:00 (113) | 2023-06-30 00:00:00 (88) | 2022-06-30 00:00:00 (80) | 2023-07-31 00:00:00 (73)
sales,currencyrate,currencyrateid,integer,13532,0,0.0,,13532,1.0,13532.0,6766.5,6766.5,11233 (1) | 4790 (1) | 273 (1) | 11719 (1) | 6114 (1)
sales,currencyrate,currencyratedate,timestamp without time zone,13532,0,0.0,,1097,,,,,2022-10-31 00:00:00 (14) | 2022-11-08 00:00:00 (14) | 2022-10-30 00:00:00 (14) | 2022-09-09 00:00:00 (14) | 2022-08-19 00:00:00 (14)
sales,currencyrate,fromcurrencycode,character,13532,0,0.0,,1,,,,,"USD (13,532)"
sales,currencyrate,tocurrencycode,character,13532,0,0.0,,14,,,,,"MXN (1,097) | SAR (1,097) | AUD (1,097) | GBP (1,097) | CAD (1,097)"
sales,currencyrate,averagerate,numeric,13532,0,0.0,,6127,0.6,1500.0,79.24,1.98,"1.0 (1,131.0) | 3.7505 (353.0) | 3.7507 (242.0) | 0.9998 (200.0) | 3.7509 (169.0)"
sales,currencyrate,endofdayrate,numeric,13532,0,0.0,,7232,0.6,1499.95,79.24,1.98,"1.0 (1,129.0) | 1.0004 (72.0) | 0.999 (66.0) | 0.9998 (53.0) | 8.2873 (51.0)"
sales,currencyrate,modifieddate,timestamp without time zone,13532,0,0.0,,1098,,,,,"2025-01-01 17:39:45.260000 (1,097) | 2022-11-08 00:00:00 (13) | 2022-10-30 00:00:00 (13) | 2022-09-09 00:00:00 (13) | 2022-10-31 00:00:00 (13)"
sales,specialofferproduct,specialofferid,integer,538,0,0.0,,15,1.0,16.0,2.71,1.0,1 (295) | 2 (111) | 3 (55) | 4 (17) | 12 (12)
sales,specialofferproduct,productid,integer,538,0,0.0,,295,680.0,999.0,849.47,855.5,708 (5) | 863 (5) | 711 (5) | 707 (5) | 869 (5)
sales,specialofferproduct,rowguid,uuid,538,0,0.0,,538,,,,,1f845481-caa5-4f9a-bcb5-c79fde (1) | 0321450f-e12a-4aaf-8557-f620aa (1) | ce63a0fd-d375-4a30-8f2f-035dca (1) | 139e916e-e908-4442-8163-9ecfa4 (1) | f7e02a4e-aff6-4655-944e-25efd2 (1)
sales,specialofferproduct,modifieddate,timestamp without time zone,538,0,0.0,,8,,,,,2022-03-31 00:00:00 (295) | 2022-04-30 00:00:00 (185) | 2024-04-29 00:00:00 (29) | 2023-03-14 00:00:00 (8) | 2024-06-13 00:00:00 (7)
sales,salespersonquotahistory,businessentityid,integer,163,0,0.0,,17,274.0,290.0,280.81,280.0,276 (12) | 278 (12) | 282 (12) | 280 (12) | 279 (12)
sales,salespersonquotahistory,quotadate,timestamp without time zone,163,0,0.0,,12,,,,,2024-11-29 00:00:00 (17) | 2024-05-29 00:00:00 (17) | 2025-02-28 00:00:00 (17) | 2024-08-29 00:00:00 (17) | 2023-08-30 00:00:00 (14)
sales,salespersonquotahistory,salesquota,numeric,163,0,0.0,,154,1000.0,1898000.0,587202.45,507000.0,116000.0 (2.0) | 390000.0 (2.0) | 226000.0 (2.0) | 341000.0 (2.0) | 7000.0 (2.0)
sales,salespersonquotahistory,rowguid,uuid,163,0,0.0,,163,,,,,6a02ab77-5938-4ef9-ac8f-f150c4 (1) | a2b99573-af8a-461a-b554-f489de (1) | 5db4299a-1ad9-49c6-b024-528c77 (1) | c7a90e1b-3b08-4b58-84f7-8f70c9 (1) | d1f92ec2-0c55-47d4-be71-54b372 (1)
sales,salespersonquotahistory,modifieddate,timestamp without time zone,163,0,0.0,,12,,,,,2025-01-14 00:00:00 (17) | 2024-04-14 00:00:00 (17) | 2024-07-15 00:00:00 (17) | 2024-10-15 00:00:00 (17) | 2023-10-16 00:00:00 (14)
sales,countryregioncurrency,countryregioncode,character varying,109,0,0.0,,96,,,,,AT (2) | PL (2) | RU (2) | NL (2) | DE (2)
sales,countryregioncurrency,currencycode,character,109,0,0.0,,97,,,,,EUR (12) | USD (2) | GHC (1) | MVR (1) | SKK (1)
sales,countryregioncurrency,modifieddate,timestamp without time zone,109,0,0.0,,2,,,,,2025-02-07 10:17:21.510000 (99) | 2019-04-30 00:00:00 (10)
sales,currency,currencycode,character,105,0,0.0,,105,,,,,NLG (1) | GHC (1) | SKK (1) | MVR (1) | BSD (1)
sales,currency,name,character varying,105,0,0.0,,105,,,,,Tunisian Dinar (1) | Singapore Dollar (1) | Latvian Lats (1) | French Franc (1) | Bahraini Dinar (1)
sales,currency,modifieddate,timestamp without time zone,105,0,0.0,,1,,,,,2019-04-30 00:00:00 (105)
sales,salestaxrate,salestaxrateid,integer,29,0,0.0,,29,1.0,31.0,16.1,17.0,4 (1) | 10 (1) | 9 (1) | 7 (1) | 29 (1)
sales,salestaxrate,stateprovinceid,integer,29,0,0.0,,26,1.0,84.0,43.83,45.0,1 (2) | 57 (2) | 63 (2) | 74 (1) | 77 (1)
sales,salestaxrate,taxtype,smallint,29,0,0.0,,3,1.0,3.0,2.0,2.0,3 (13) | 1 (13) | 2 (3)
sales,salestaxrate,taxrate,numeric,29,0,0.0,,15,5.0,19.6,9.09,7.0,7.0 (13.0) | 7.25 (2.0) | 14.25 (2.0) | 8.8 (1.0) | 7.75 (1.0)
sales,salestaxrate,name,character varying,29,0,0.0,,18,,,,,Canadian GST (12) | Florida State Sales Tax (1) | Texas State Sales Tax (1) | Germany Output Tax (1) | Washington State Sales Tax (1)
sales,salestaxrate,rowguid,uuid,29,0,0.0,,29,,,,,f9d1a85d-6474-43b5-a7ea-bed59e (1) | 90e3090e-df71-407a-8059-04c310 (1) | 06df529d-eb11-446f-9570-9ee97b (1) | f0d76907-b433-453f-b95e-16fce7 (1) | 89d447a8-239a-4f31-a529-478821 (1)
sales,salestaxrate,modifieddate,timestamp without time zone,29,0,0.0,,1,,,,,2019-04-30 00:00:00 (29)
sales,salesperson,businessentityid,integer,17,0,0.0,,17,274.0,290.0,282.0,282.0,283 (1) | 287 (1) | 285 (1) | 288 (1) | 280 (1)
sales,salesperson,territoryid,integer,17,3,17.6,WARN,10,1.0,10.0,4.79,4.5,1 (3) | 4 (2) | 6 (2) | 10 (1) | 9 (1)
sales,salesperson,salesquota,numeric,17,3,17.6,WARN,2,250000.0,300000.0,260714.29,250000.0,250000.0 (11.0) | 300000.0 (3.0)
sales,salesperson,bonus,numeric,17,0,0.0,,14,0.0,6700.0,2859.41,3500.0,0.0 (3.0) | 5000.0 (2.0) | 3500.0 (1.0) | 3550.0 (1.0) | 2000.0 (1.0)
sales,salesperson,commissionpct,numeric,17,0,0.0,,8,0.0,0.02,0.01,0.01,0.01 (4.0) | 0.015 (3.0) | 0.0 (3.0) | 0.018 (2.0) | 0.012 (2.0)
sales,salesperson,salesytd,numeric,17,0,0.0,,17,172524.45,4251368.55,2133975.99,1827066.71,1827066.7118 (1.0) | 559697.5639 (1.0) | 2604540.7172 (1.0) | 3189418.3662 (1.0) | 1352577.1325 (1.0)
sales,salesperson,saleslastyear,numeric,17,0,0.0,,14,0.0,2396539.76,1393291.98,1635823.4,0.0 (4.0) | 2278548.9776 (1.0) | 1307949.7917 (1.0) | 1439156.0291 (1.0) | 2038234.6549 (1.0)
sales,salesperson,rowguid,uuid,17,0,0.0,,17,,,,,31fd7fc1-dc84-4f05-b9a0-762519 (1) | ac94ec04-a2dc-43e3-8654-dd0c54 (1) | 6bac15b2-8ffb-45a9-b6d5-040e16 (1) | 48754992-9ee0-4c0e-8c94-945160 (1) | 39012928-bfec-4242-874d-423162 (1)
sales,salesperson,modifieddate,timestamp without time zone,17,0,0.0,,7,,,,,2022-05-23 00:00:00 (9) | 2024-05-22 00:00:00 (2) | 2023-05-23 00:00:00 (2) | 2023-09-23 00:00:00 (1) | 2023-04-09 00:00:00 (1)
sales,salesterritoryhistory,businessentityid,integer,17,0,0.0,,14,275.0,290.0,281.29,281.0,282 (2) | 275 (2) | 277 (2) | 288 (1) | 279 (1)
sales,salesterritoryhistory,territoryid,integer,17,0,0.0,,10,1.0,10.0,4.59,4.0,6 (3) | 1 (3) | 4 (2) | 3 (2) | 2 (2)
sales,salesterritoryhistory,startdate,timestamp without time zone,17,0,0.0,,5,,,,,2022-05-30 00:00:00 (9) | 2023-05-30 00:00:00 (3) | 2024-05-29 00:00:00 (2) | 2023-11-30 00:00:00 (2) | 2023-09-30 00:00:00 (1)
sales,salesterritoryhistory,enddate,timestamp without time zone,17,13,76.5,HIGH,3,,,,,2023-11-29 00:00:00 (2) | 2023-05-29 00:00:00 (1) | 2023-09-29 00:00:00 (1)
sales,salesterritoryhistory,rowguid,uuid,17,0,0.0,,17,,,,,ed12f921-8023-48ef-84bd-94d942 (1) | 57d1cdcf-62ce-499f-8be8-1bb71c (1) | 987613ed-33d6-42a6-b992-0b33e9 (1) | b7c8f9f5-5fb8-47b3-be73-1b9a14 (1) | 8895e74d-6d38-4140-bbea-a8136a (1)
sales,salesterritoryhistory,modifieddate,timestamp without time zone,17,0,0.0,,8,,,,,2022-05-23 00:00:00 (5) | 2023-05-23 00:00:00 (3) | 2023-11-23 00:00:00 (2) | 2024-05-22 00:00:00 (2) | 2023-11-22 00:00:00 (2)
sales,specialoffer,specialofferid,integer,16,0,0.0,,16,1.0,16.0,8.5,8.5,14 (1) | 3 (1) | 13 (1) | 10 (1) | 4 (1)
sales,specialoffer,description,character varying,16,0,0.0,,16,,,,,Sport Helmet Discount-2003 (1) | Volume Discount 15 to 24 (1) | Mountain-500 Silver Clearance  (1) | Volume Discount 11 to 14 (1) | Volume Discount 25 to 40 (1)
sales,specialoffer,discountpct,numeric,16,0,0.0,,10,0.0,0.5,0.22,0.17,0.15 (3.0) | 0.2 (2.0) | 0.5 (2.0) | 0.1 (2.0) | 0.35 (2.0)
sales,specialoffer,type,character varying,16,0,0.0,,6,,,,,Volume Discount (5) | Excess Inventory (3) | Seasonal Discount (3) | Discontinued Product (2) | New Product (2)
sales,specialoffer,category,character varying,16,0,0.0,,3,,,,,Reseller (13) | Customer (2) | No Discount (1)
sales,specialoffer,startdate,timestamp without time zone,16,0,0.0,,8,,,,,2022-05-30 00:00:00 (5) | 2024-05-29 00:00:00 (4) | 2023-05-30 00:00:00 (2) | 2024-07-13 00:00:00 (1) | 2024-05-13 00:00:00 (1)
sales,specialoffer,enddate,timestamp without time zone,16,0,0.0,,10,,,,,2025-05-29 00:00:00 (6) | 2024-08-28 00:00:00 (2) | 2025-11-29 00:00:00 (1) | 2024-06-28 00:00:00 (1) | 2024-07-13 00:00:00 (1)
sales,specialoffer,minqty,integer,16,0,0.0,,6,0.0,61.0,9.56,0.0,0 (11) | 11 (1) | 61 (1) | 25 (1) | 41 (1)
sales,specialoffer,maxqty,integer,16,12,75.0,HIGH,4,14.0,60.0,34.5,32.0,60 (1) | 40 (1) | 14 (1) | 24 (1)
sales,specialoffer,rowguid,uuid,16,0,0.0,,16,,,,,504b5e85-8f3f-4ebc-9e1d-c1bc5d (1) | eb7cb484-bccf-4d2d-bf73-521b20 (1) | 1af84a9e-a98c-4bd9-b48f-dc2b8b (1) | c0af1c89-9722-4235-9248-3fba4d (1) | 5061cce4-e021-45a8-9a75-dfb36c (1)
sales,specialoffer,modifieddate,timestamp without time zone,16,0,0.0,,8,,,,,2022-04-30 00:00:00 (5) | 2024-04-29 00:00:00 (4) | 2023-04-30 00:00:00 (2) | 2023-03-14 00:00:00 (1) | 2022-03-31 00:00:00 (1)
sales,salesreason,salesreasonid,integer,10,0,0.0,,10,1.0,10.0,5.5,5.5,8 (1) | 10 (1) | 9 (1) | 7 (1) | 1 (1)
sales,salesreason,name,character varying,10,0,0.0,,10,,,,,Sponsorship (1) | Other (1) | Quality (1) | Price (1) | Magazine Advertisement (1)
sales,salesreason,reasontype,character varying,10,0,0.0,,3,,,,,Other (5) | Marketing (4) | Promotion (1)
sales,salesreason,modifieddate,timestamp without time zone,10,0,0.0,,1,,,,,2019-04-30 00:00:00 (10)
sales,salesterritory,territoryid,integer,10,0,0.0,,10,1.0,10.0,5.5,5.5,8 (1) | 10 (1) | 9 (1) | 7 (1) | 1 (1)
sales,salesterritory,name,character varying,10,0,0.0,,10,,,,,France (1) | Southwest (1) | United Kingdom (1) | Northwest (1) | Central (1)
sales,salesterritory,countryregioncode,character varying,10,0,0.0,,6,,,,,US (5) | AU (1) | CA (1) | FR (1) | GB (1)
sales,salesterritory,group,character varying,10,0,0.0,,3,,,,,North America (6) | Europe (3) | Pacific (1)
sales,salesterritory,salesytd,numeric,10,0,0.0,,10,2402176.85,10510853.87,5275121.0,4892651.84,2402176.8476 (1.0) | 7887186.7882 (1.0) | 5977814.9154 (1.0) | 10510853.8739 (1.0) | 2538667.2515 (1.0)
sales,salesterritory,saleslastyear,numeric,10,0,0.0,,10,1307949.79,5693988.86,3271535.54,3251854.29,2278548.9776 (1.0) | 5366575.7098 (1.0) | 1635823.3967 (1.0) | 1307949.7917 (1.0) | 2396539.7601 (1.0)
sales,salesterritory,costytd,numeric,10,0,0.0,,1,0.0,0.0,0.0,0.0,0.0 (10.0)
sales,salesterritory,costlastyear,numeric,10,0,0.0,,1,0.0,0.0,0.0,0.0,0.0 (10.0)
sales,salesterritory,rowguid,uuid,10,0,0.0,,10,,,,,05fc7e1f-2dea-414e-9ecd-09d150 (1) | df6e7fd8-1a8d-468c-b103-ed8add (1) | 43689a10-e30b-497f-b0de-11de20 (1) | 602e612e-dfe9-41d9-b894-27e489 (1) | bf806804-9b4c-4b07-9d19-706f2e (1)
sales,salesterritory,modifieddate,timestamp without time zone,10,0,0.0,,1,,,,,2019-04-30 00:00:00 (10)
sales,shoppingcartitem,shoppingcartitemid,integer,3,0,0.0,,3,2.0,5.0,3.67,4.0,5 (1) | 4 (1) | 2 (1)
sales,shoppingcartitem,shoppingcartid,character varying,3,0,0.0,,2,,,,,20621 (2) | 14951 (1)
sales,shoppingcartitem,quantity,integer,3,0,0.0,,3,3.0,7.0,4.67,4.0,4 (1) | 3 (1) | 7 (1)
sales,shoppingcartitem,productid,integer,3,0,0.0,,3,862.0,881.0,872.33,874.0,862 (1) | 881 (1) | 874 (1)
sales,shoppingcartitem,datecreated,timestamp without time zone,3,0,0.0,,1,,,,,2024-11-08 17:54:07.603000 (3)
sales,shoppingcartitem,modifieddate,timestamp without time zone,3,0,0.0,,1,,,,,2024-11-08 17:54:07.603000 (3)
